FID,spatial_id,name,Raw Diabetes,Diabetes Percentage,CDName
0,5350001.00,"CT0001.00, Toronto, ON",44,7.7465,Toronto
1,5350002.00,"CT0002.00, Toronto, ON",91,12.0211,Toronto
2,5350003.00,"CT0003.00, Toronto, ON",27,2.5093,Toronto
3,5350004.00,"CT0004.00, Toronto, ON",600,9.726,Toronto
4,5350005.00,"CT0005.00, Toronto, ON",346,4.555,Toronto
5,5350006.00,"CT0006.00, Toronto, ON",5,4.9505,Toronto
6,5350007.01,"CT0007.01, Toronto, ON",221,6.4488,Toronto
7,5350007.02,"CT0007.02, Toronto, ON",391,7.8783,Toronto
8,5350008.01,"CT0008.01, Toronto, ON",18,0.1725,Toronto
9,5350008.02,"CT0008.02, Toronto, ON",92,0.6594,Toronto
10,5350009.00,"CT0009.00, Toronto, ON",8,2.0619,Toronto
11,5350010.01,"CT0010.01, Toronto, ON",90,1.5726,Toronto
12,5350010.02,"CT0010.02, Toronto, ON",223,2.8339,Toronto
13,5350011.01,"CT0011.01, Toronto, ON",48,0.3898,Toronto
14,5350011.02,"CT0011.02, Toronto, ON",217,1.4121,Toronto
15,5350011.03,"CT0011.03, Toronto, ON",112,1.318,Toronto
16,5350012.01,"CT0012.01, Toronto, ON",425,2.8487,Toronto
17,5350012.03,"CT0012.03, Toronto, ON",194,1.7225,Toronto
18,5350012.04,"CT0012.04, Toronto, ON",81,1.1692,Toronto
19,5350013.01,"CT0013.01, Toronto, ON",137,1.4314,Toronto
20,5350013.02,"CT0013.02, Toronto, ON",432,2.9428,Toronto
21,5350014.00,"CT0014.00, Toronto, ON",43,1.3062,Toronto
22,5350015.00,"CT0015.00, Toronto, ON",70,1.0572,Toronto
23,5350016.00,"CT0016.00, Toronto, ON",61,0.446,Toronto
24,5350017.01,"CT0017.01, Toronto, ON",12,0.1823,Toronto
25,5350017.02,"CT0017.02, Toronto, ON",628,5.9397,Toronto
26,5350018.00,"CT0018.00, Toronto, ON",85,1.9011,Toronto
27,5350019.00,"CT0019.00, Toronto, ON",339,11.1881,Toronto
28,5350020.00,"CT0020.00, Toronto, ON",263,11.3216,Toronto
29,5350021.00,"CT0021.00, Toronto, ON",647,12.8017,Toronto
30,5350022.00,"CT0022.00, Toronto, ON",520,14.6191,Toronto
31,5350023.00,"CT0023.00, Toronto, ON",378,10.9375,Toronto
32,5350024.00,"CT0024.00, Toronto, ON",868,13.3436,Toronto
33,5350025.00,"CT0025.00, Toronto, ON",449,13.0599,Toronto
34,5350026.00,"CT0026.00, Toronto, ON",731,12.0309,Toronto
35,5350027.00,"CT0027.00, Toronto, ON",452,11.1275,Toronto
36,5350028.01,"CT0028.01, Toronto, ON",68,4.989,Toronto
37,5350028.02,"CT0028.02, Toronto, ON",463,8.2561,Toronto
38,5350029.00,"CT0029.00, Toronto, ON",520,8.077,Toronto
39,5350030.00,"CT0030.00, Toronto, ON",361,4.1102,Toronto
40,5350031.00,"CT0031.00, Toronto, ON",362,5.708,Toronto
41,5350032.00,"CT0032.00, Toronto, ON",344,5.6035,Toronto
42,5350033.00,"CT0033.00, Toronto, ON",372,6.0944,Toronto
43,5350034.01,"CT0034.01, Toronto, ON",131,1.9149,Toronto
44,5350034.02,"CT0034.02, Toronto, ON",218,2.2854,Toronto
45,5350035.00,"CT0035.00, Toronto, ON",257,2.0969,Toronto
46,5350036.00,"CT0036.00, Toronto, ON",138,2.1313,Toronto
47,5350037.00,"CT0037.00, Toronto, ON",180,3.2339,Toronto
48,5350038.00,"CT0038.00, Toronto, ON",163,4.2195,Toronto
49,5350039.00,"CT0039.00, Toronto, ON",269,4.9907,Toronto
50,5350040.00,"CT0040.00, Toronto, ON",256,6.1391,Toronto
51,5350041.00,"CT0041.00, Toronto, ON",125,3.5501,Toronto
52,5350042.00,"CT0042.00, Toronto, ON",350,8.2489,Toronto
53,5350043.00,"CT0043.00, Toronto, ON",263,7.0928,Toronto
54,5350044.01,"CT0044.01, Toronto, ON",427,8.0764,Toronto
55,5350044.02,"CT0044.02, Toronto, ON",8,0.151,Toronto
56,5350045.00,"CT0045.00, Toronto, ON",253,8.0241,Toronto
57,5350046.00,"CT0046.00, Toronto, ON",337,10.7944,Toronto
58,5350047.02,"CT0047.02, Toronto, ON",321,8.5875,Toronto
59,5350047.03,"CT0047.03, Toronto, ON",25,2.2999,Toronto
60,5350047.04,"CT0047.04, Toronto, ON",304,11.5942,Toronto
61,5350048.00,"CT0048.00, Toronto, ON",364,10.6745,Toronto
62,5350049.00,"CT0049.00, Toronto, ON",391,12.9086,Toronto
63,5350050.01,"CT0050.01, Toronto, ON",819,9.0818,Toronto
64,5350050.03,"CT0050.03, Toronto, ON",59,5.4986,Toronto
65,5350050.04,"CT0050.04, Toronto, ON",621,13.3348,Toronto
66,5350051.00,"CT0051.00, Toronto, ON",539,10.5915,Toronto
67,5350052.00,"CT0052.00, Toronto, ON",364,9.116,Toronto
68,5350053.00,"CT0053.00, Toronto, ON",396,6.6588,Toronto
69,5350054.00,"CT0054.00, Toronto, ON",380,6.7592,Toronto
70,5350055.00,"CT0055.00, Toronto, ON",154,5.8091,Toronto
71,5350056.00,"CT0056.00, Toronto, ON",278,6.3805,Toronto
72,5350057.00,"CT0057.00, Toronto, ON",49,2.1472,Toronto
73,5350058.00,"CT0058.00, Toronto, ON",104,2.7239,Toronto
74,5350059.00,"CT0059.00, Toronto, ON",124,3.554,Toronto
75,5350060.00,"CT0060.00, Toronto, ON",40,1.5516,Toronto
76,5350061.00,"CT0061.00, Toronto, ON",28,2.7888,Toronto
77,5350062.01,"CT0062.01, Toronto, ON",134,2.1467,Toronto
78,5350062.03,"CT0062.03, Toronto, ON",101,1.9937,Toronto
79,5350062.04,"CT0062.04, Toronto, ON",231,2.2386,Toronto
80,5350063.03,"CT0063.03, Toronto, ON",94,1.5932,Toronto
81,5350063.04,"CT0063.04, Toronto, ON",118,1.9196,Toronto
82,5350063.05,"CT0063.05, Toronto, ON",111,1.3878,Toronto
83,5350063.06,"CT0063.06, Toronto, ON",291,3.3798,Toronto
84,5350064.00,"CT0064.00, Toronto, ON",22,0.3859,Toronto
85,5350065.01,"CT0065.01, Toronto, ON",92,2.4294,Toronto
86,5350065.02,"CT0065.02, Toronto, ON",909,7.7739,Toronto
87,5350066.00,"CT0066.00, Toronto, ON",321,4.0913,Toronto
88,5350067.00,"CT0067.00, Toronto, ON",201,12.2486,Toronto
89,5350068.00,"CT0068.00, Toronto, ON",274,11.6398,Toronto
90,5350069.00,"CT0069.00, Toronto, ON",530,12.2628,Toronto
91,5350070.00,"CT0070.00, Toronto, ON",278,8.8282,Toronto
92,5350071.00,"CT0071.00, Toronto, ON",493,15.4983,Toronto
93,5350072.01,"CT0072.01, Toronto, ON",554,13.0691,Toronto
94,5350072.02,"CT0072.02, Toronto, ON",370,12.4747,Toronto
95,5350073.00,"CT0073.00, Toronto, ON",248,10.5487,Toronto
96,5350074.00,"CT0074.00, Toronto, ON",406,11.4463,Toronto
97,5350075.00,"CT0075.00, Toronto, ON",510,13.571,Toronto
98,5350076.00,"CT0076.00, Toronto, ON",480,11.7965,Toronto
99,5350077.00,"CT0077.00, Toronto, ON",560,13.0112,Toronto
100,5350078.00,"CT0078.00, Toronto, ON",843,13.4902,Toronto
101,5350079.00,"CT0079.00, Toronto, ON",737,10.6936,Toronto
102,5350080.01,"CT0080.01, Toronto, ON",431,11.074,Toronto
103,5350080.02,"CT0080.02, Toronto, ON",354,7.5966,Toronto
104,5350081.00,"CT0081.00, Toronto, ON",343,13.0319,Toronto
105,5350082.00,"CT0082.00, Toronto, ON",292,11.841,Toronto
106,5350083.00,"CT0083.00, Toronto, ON",435,11.2461,Toronto
107,5350084.00,"CT0084.00, Toronto, ON",402,11.8759,Toronto
108,5350085.00,"CT0085.00, Toronto, ON",430,9.7794,Toronto
109,5350086.00,"CT0086.00, Toronto, ON",284,11.3328,Toronto
110,5350087.00,"CT0087.00, Toronto, ON",675,13.1784,Toronto
111,5350088.00,"CT0088.00, Toronto, ON",175,4.6804,Toronto
112,5350089.00,"CT0089.00, Toronto, ON",221,2.7584,Toronto
113,5350090.00,"CT0090.00, Toronto, ON",286,7.2829,Toronto
114,5350091.01,"CT0091.01, Toronto, ON",223,3.5726,Toronto
115,5350091.02,"CT0091.02, Toronto, ON",62,1.5764,Toronto
116,5350092.00,"CT0092.00, Toronto, ON",155,2.0675,Toronto
117,5350093.00,"CT0093.00, Toronto, ON",369,7.1429,Toronto
118,5350094.00,"CT0094.00, Toronto, ON",426,9.4081,Toronto
119,5350095.00,"CT0095.00, Toronto, ON",285,9.8446,Toronto
120,5350096.01,"CT0096.01, Toronto, ON",216,13.8196,Toronto
121,5350096.02,"CT0096.02, Toronto, ON",315,10.2107,Toronto
122,5350097.01,"CT0097.01, Toronto, ON",365,8.8571,Toronto
123,5350097.03,"CT0097.03, Toronto, ON",66,2.2066,Toronto
124,5350097.04,"CT0097.04, Toronto, ON",337,6.4584,Toronto
125,5350098.00,"CT0098.00, Toronto, ON",670,9.614,Toronto
126,5350099.00,"CT0099.00, Toronto, ON",426,6.4022,Toronto
127,5350100.00,"CT0100.00, Toronto, ON",124,3.9516,Toronto
128,5350101.00,"CT0101.00, Toronto, ON",161,5.0645,Toronto
129,5350102.02,"CT0102.02, Toronto, ON",18,0.3543,Toronto
130,5350102.03,"CT0102.03, Toronto, ON",62,1.6419,Toronto
131,5350102.04,"CT0102.04, Toronto, ON",81,13.5225,Toronto
132,5350102.05,"CT0102.05, Toronto, ON",93,12.0155,Toronto
133,5350103.00,"CT0103.00, Toronto, ON",731,12.2466,Toronto
134,5350104.00,"CT0104.00, Toronto, ON",591,11.6545,Toronto
135,5350105.00,"CT0105.00, Toronto, ON",482,12.5881,Toronto
136,5350106.00,"CT0106.00, Toronto, ON",289,6.8662,Toronto
137,5350107.00,"CT0107.00, Toronto, ON",509,10.8668,Toronto
138,5350108.00,"CT0108.00, Toronto, ON",766,12.4715,Toronto
139,5350109.00,"CT0109.00, Toronto, ON",598,10.7631,Toronto
140,5350110.00,"CT0110.00, Toronto, ON",368,11.2264,Toronto
141,5350111.00,"CT0111.00, Toronto, ON",259,10.4351,Toronto
142,5350112.00,"CT0112.00, Toronto, ON",579,12.6696,Toronto
143,5350113.00,"CT0113.00, Toronto, ON",232,9.9914,Toronto
144,5350114.00,"CT0114.00, Toronto, ON",541,10.3028,Toronto
145,5350115.00,"CT0115.00, Toronto, ON",450,11.5771,Toronto
146,5350116.00,"CT0116.00, Toronto, ON",380,9.3206,Toronto
147,5350117.00,"CT0117.00, Toronto, ON",191,6.8928,Toronto
148,5350118.00,"CT0118.00, Toronto, ON",439,10.8048,Toronto
149,5350119.00,"CT0119.00, Toronto, ON",390,6.9358,Toronto
150,5350120.00,"CT0120.00, Toronto, ON",155,11.9048,Toronto
151,5350121.00,"CT0121.00, Toronto, ON",205,5.7893,Toronto
152,5350122.00,"CT0122.00, Toronto, ON",491,7.2708,Toronto
153,5350123.00,"CT0123.00, Toronto, ON",2,0.0817,Toronto
154,5350124.00,"CT0124.00, Toronto, ON",432,7.8875,Toronto
155,5350125.00,"CT0125.00, Toronto, ON",442,11.1504,Toronto
156,5350126.00,"CT0126.00, Toronto, ON",528,13.5454,Toronto
157,5350127.00,"CT0127.00, Toronto, ON",629,11.2987,Toronto
158,5350128.02,"CT0128.02, Toronto, ON",502,3.6198,Toronto
159,5350128.04,"CT0128.04, Toronto, ON",109,2.1567,Toronto
160,5350128.05,"CT0128.05, Toronto, ON",91,6.4631,Toronto
161,5350128.06,"CT0128.06, Toronto, ON",127,2.3562,Toronto
162,5350129.00,"CT0129.00, Toronto, ON",454,7.8452,Toronto
163,5350130.00,"CT0130.00, Toronto, ON",323,9.8928,Toronto
164,5350131.00,"CT0131.00, Toronto, ON",351,6.945,Toronto
165,5350132.00,"CT0132.00, Toronto, ON",470,9.252,Toronto
166,5350133.00,"CT0133.00, Toronto, ON",481,6.7048,Toronto
167,5350134.00,"CT0134.00, Toronto, ON",182,6.7558,Toronto
168,5350135.00,"CT0135.00, Toronto, ON",525,7.0103,Toronto
169,5350136.01,"CT0136.01, Toronto, ON",183,2.2158,Toronto
170,5350136.02,"CT0136.02, Toronto, ON",234,2.1358,Toronto
171,5350137.00,"CT0137.00, Toronto, ON",494,6.3018,Toronto
172,5350138.00,"CT0138.00, Toronto, ON",265,8.9709,Toronto
173,5350139.01,"CT0139.01, Toronto, ON",285,6.3137,Toronto
174,5350139.02,"CT0139.02, Toronto, ON",233,8.2918,Toronto
175,5350140.00,"CT0140.00, Toronto, ON",171,7.7096,Toronto
176,5350141.01,"CT0141.01, Toronto, ON",358,7.8217,Toronto
177,5350141.02,"CT0141.02, Toronto, ON",270,6.0647,Toronto
178,5350142.00,"CT0142.00, Toronto, ON",542,10.2924,Toronto
179,5350150.00,"CT0150.00, Toronto, ON",406,10.2941,Toronto
180,5350151.00,"CT0151.00, Toronto, ON",412,11.6648,Toronto
181,5350152.00,"CT0152.00, Toronto, ON",651,14.9586,Toronto
182,5350153.00,"CT0153.00, Toronto, ON",746,17.1573,Toronto
183,5350154.00,"CT0154.00, Toronto, ON",996,16.4819,Toronto
184,5350155.00,"CT0155.00, Toronto, ON",322,10.7981,Toronto
185,5350156.01,"CT0156.01, Toronto, ON",632,11.6348,Toronto
186,5350156.02,"CT0156.02, Toronto, ON",380,14.0015,Toronto
187,5350157.00,"CT0157.00, Toronto, ON",279,10.6003,Toronto
188,5350158.00,"CT0158.00, Toronto, ON",303,9.7053,Toronto
189,5350159.01,"CT0159.01, Toronto, ON",344,9.745,Toronto
190,5350159.02,"CT0159.02, Toronto, ON",507,10.7712,Toronto
191,5350160.00,"CT0160.00, Toronto, ON",335,11.0525,Toronto
192,5350161.00,"CT0161.00, Toronto, ON",704,10.7975,Toronto
193,5350162.00,"CT0162.00, Toronto, ON",549,10.98,Toronto
194,5350163.00,"CT0163.00, Toronto, ON",418,10.647,Toronto
195,5350164.00,"CT0164.00, Toronto, ON",591,10.1756,Toronto
196,5350165.00,"CT0165.00, Toronto, ON",426,10.5839,Toronto
197,5350166.00,"CT0166.00, Toronto, ON",363,8.09,Toronto
198,5350167.01,"CT0167.01, Toronto, ON",148,5.1912,Toronto
199,5350167.02,"CT0167.02, Toronto, ON",315,5.1062,Toronto
200,5350168.00,"CT0168.00, Toronto, ON",549,9.2238,Toronto
201,5350169.01,"CT0169.01, Toronto, ON",307,8.3903,Toronto
202,5350169.02,"CT0169.02, Toronto, ON",677,8.8163,Toronto
203,5350170.00,"CT0170.00, Toronto, ON",320,9.4591,Toronto
204,5350171.00,"CT0171.00, Toronto, ON",443,10.1118,Toronto
205,5350172.00,"CT0172.00, Toronto, ON",234,9.6614,Toronto
206,5350173.00,"CT0173.00, Toronto, ON",354,10.6723,Toronto
207,5350174.00,"CT0174.00, Toronto, ON",622,9.383,Toronto
208,5350175.01,"CT0175.01, Toronto, ON",577,9.9107,Toronto
209,5350175.02,"CT0175.02, Toronto, ON",769,8.3943,Toronto
210,5350176.00,"CT0176.00, Toronto, ON",675,16.4554,Toronto
211,5350180.00,"CT0180.00, Toronto, ON",647,10.7511,Toronto
212,5350181.01,"CT0181.01, Toronto, ON",695,16.9844,Toronto
213,5350181.02,"CT0181.02, Toronto, ON",542,15.7421,Toronto
214,5350182.00,"CT0182.00, Toronto, ON",745,14.8288,Toronto
215,5350183.01,"CT0183.01, Toronto, ON",433,17.9148,Toronto
216,5350183.02,"CT0183.02, Toronto, ON",502,13.5274,Toronto
217,5350184.01,"CT0184.01, Toronto, ON",583,12.3126,Toronto
218,5350184.02,"CT0184.02, Toronto, ON",496,14.0391,Toronto
219,5350185.01,"CT0185.01, Toronto, ON",747,11.2044,Toronto
220,5350185.02,"CT0185.02, Toronto, ON",486,12.0178,Toronto
221,5350186.00,"CT0186.00, Toronto, ON",246,10.2543,Toronto
222,5350187.00,"CT0187.00, Toronto, ON",536,15.2143,Toronto
223,5350188.00,"CT0188.00, Toronto, ON",260,13.5983,Toronto
224,5350189.00,"CT0189.00, Toronto, ON",786,14.534,Toronto
225,5350190.01,"CT0190.01, Toronto, ON",652,7.8206,Toronto
226,5350190.02,"CT0190.02, Toronto, ON",482,11.2093,Toronto
227,5350191.00,"CT0191.00, Toronto, ON",630,13.8462,Toronto
228,5350192.00,"CT0192.00, Toronto, ON",110,12.9564,Toronto
229,5350193.00,"CT0193.00, Toronto, ON",294,9.3511,Toronto
230,5350194.01,"CT0194.01, Toronto, ON",747,11.0699,Toronto
231,5350194.02,"CT0194.02, Toronto, ON",442,10.4764,Toronto
232,5350194.03,"CT0194.03, Toronto, ON",258,9.0178,Toronto
233,5350194.04,"CT0194.04, Toronto, ON",454,7.9859,Toronto
234,5350195.01,"CT0195.01, Toronto, ON",382,8.8817,Toronto
235,5350195.02,"CT0195.02, Toronto, ON",317,12.3155,Toronto
236,5350196.01,"CT0196.01, Toronto, ON",148,7.6724,Toronto
237,5350196.02,"CT0196.02, Toronto, ON",641,12.0218,Toronto
238,5350200.01,"CT0200.01, Toronto, ON",758,13.4756,Toronto
239,5350200.02,"CT0200.02, Toronto, ON",210,17.2982,Toronto
240,5350201.00,"CT0201.00, Toronto, ON",577,10.5369,Toronto
241,5350202.00,"CT0202.00, Toronto, ON",220,14.2579,Toronto
242,5350203.00,"CT0203.00, Toronto, ON",532,15.5647,Toronto
243,5350204.00,"CT0204.00, Toronto, ON",672,14.9733,Toronto
244,5350205.00,"CT0205.00, Toronto, ON",0,0,Toronto
245,5350206.01,"CT0206.01, Toronto, ON",456,8.4366,Toronto
246,5350206.02,"CT0206.02, Toronto, ON",780,12.2951,Toronto
247,5350207.00,"CT0207.00, Toronto, ON",258,9.4126,Toronto
248,5350208.00,"CT0208.00, Toronto, ON",445,10.3296,Toronto
249,5350209.00,"CT0209.00, Toronto, ON",358,9.4759,Toronto
250,5350210.01,"CT0210.01, Toronto, ON",423,10.5539,Toronto
251,5350210.03,"CT0210.03, Toronto, ON",167,2.0215,Toronto
252,5350210.04,"CT0210.04, Toronto, ON",491,4.0023,Toronto
253,5350211.00,"CT0211.00, Toronto, ON",1003,14.4942,Toronto
254,5350212.00,"CT0212.00, Toronto, ON",788,14.1193,Toronto
255,5350213.01,"CT0213.01, Toronto, ON",279,9.7998,Toronto
256,5350213.02,"CT0213.02, Toronto, ON",279,3.3413,Toronto
257,5350214.00,"CT0214.00, Toronto, ON",461,5.7503,Toronto
258,5350215.00,"CT0215.00, Toronto, ON",862,11.5041,Toronto
259,5350216.00,"CT0216.00, Toronto, ON",387,7.1587,Toronto
260,5350217.00,"CT0217.00, Toronto, ON",684,11.2722,Toronto
261,5350218.00,"CT0218.00, Toronto, ON",182,7.0735,Toronto
262,5350219.00,"CT0219.00, Toronto, ON",440,10.3578,Toronto
263,5350220.00,"CT0220.00, Toronto, ON",380,9.399,Toronto
264,5350221.01,"CT0221.01, Toronto, ON",746,11.9666,Toronto
265,5350221.02,"CT0221.02, Toronto, ON",532,9.6342,Toronto
266,5350222.01,"CT0222.01, Toronto, ON",457,5.6552,Toronto
267,5350222.02,"CT0222.02, Toronto, ON",314,6.9224,Toronto
268,5350223.01,"CT0223.01, Toronto, ON",70,4.8209,Toronto
269,5350223.02,"CT0223.02, Toronto, ON",220,9.6831,Toronto
270,5350224.00,"CT0224.00, Toronto, ON",105,5.9322,Toronto
271,5350225.01,"CT0225.01, Toronto, ON",608,11.1703,Toronto
272,5350225.02,"CT0225.02, Toronto, ON",415,3.6899,Toronto
273,5350226.00,"CT0226.00, Toronto, ON",215,7.3883,Toronto
274,5350227.00,"CT0227.00, Toronto, ON",155,9.1123,Toronto
275,5350228.00,"CT0228.00, Toronto, ON",176,5.1719,Toronto
276,5350229.00,"CT0229.00, Toronto, ON",52,4.6931,Toronto
277,5350230.01,"CT0230.01, Toronto, ON",168,5.3606,Toronto
278,5350230.02,"CT0230.02, Toronto, ON",617,9.3259,Toronto
279,5350231.00,"CT0231.00, Toronto, ON",703,10.2673,Toronto
280,5350232.00,"CT0232.00, Toronto, ON",293,7.5515,Toronto
281,5350233.00,"CT0233.00, Toronto, ON",376,6.9219,Toronto
282,5350234.00,"CT0234.00, Toronto, ON",362,8.3391,Toronto
283,5350235.01,"CT0235.01, Toronto, ON",371,12.3956,Toronto
284,5350235.02,"CT0235.02, Toronto, ON",731,14.5502,Toronto
285,5350236.01,"CT0236.01, Toronto, ON",896,12.5367,Toronto
286,5350236.02,"CT0236.02, Toronto, ON",821,14.5002,Toronto
287,5350237.01,"CT0237.01, Toronto, ON",599,9.6086,Toronto
288,5350237.02,"CT0237.02, Toronto, ON",359,12.405,Toronto
289,5350237.03,"CT0237.03, Toronto, ON",912,14.7501,Toronto
290,5350238.01,"CT0238.01, Toronto, ON",467,12.2187,Toronto
291,5350238.02,"CT0238.02, Toronto, ON",550,10.797,Toronto
292,5350239.00,"CT0239.00, Toronto, ON",765,12.1294,Toronto
293,5350240.01,"CT0240.01, Toronto, ON",302,9.4375,Toronto
294,5350240.02,"CT0240.02, Toronto, ON",640,11.5503,Toronto
295,5350241.00,"CT0241.00, Toronto, ON",368,13.7416,Toronto
296,5350242.00,"CT0242.00, Toronto, ON",162,10.1061,Toronto
297,5350243.01,"CT0243.01, Toronto, ON",740,12.3601,Toronto
298,5350243.02,"CT0243.02, Toronto, ON",349,9.8061,Toronto
299,5350244.01,"CT0244.01, Toronto, ON",573,16.2923,Toronto
300,5350244.02,"CT0244.02, Toronto, ON",588,10.9172,Toronto
301,5350245.00,"CT0245.00, Toronto, ON",881,13.1297,Toronto
302,5350246.00,"CT0246.00, Toronto, ON",417,13.3397,Toronto
303,5350247.01,"CT0247.01, Toronto, ON",565,5.6704,Toronto
304,5350247.02,"CT0247.02, Toronto, ON",521,7.1951,Toronto
305,5350248.02,"CT0248.02, Toronto, ON",405,7.8855,Toronto
306,5350248.03,"CT0248.03, Toronto, ON",105,4.2339,Toronto
307,5350248.04,"CT0248.04, Toronto, ON",298,5.894,Toronto
308,5350248.05,"CT0248.05, Toronto, ON",205,5.3385,Toronto
309,5350249.01,"CT0249.01, Toronto, ON",252,6.0086,Toronto
310,5350249.03,"CT0249.03, Toronto, ON",272,5.177,Toronto
311,5350249.04,"CT0249.04, Toronto, ON",139,5.4768,Toronto
312,5350249.05,"CT0249.05, Toronto, ON",510,9.6646,Toronto
313,5350250.01,"CT0250.01, Toronto, ON",267,5.4916,Toronto
314,5350250.02,"CT0250.02, Toronto, ON",534,11.3064,Toronto
315,5350250.04,"CT0250.04, Toronto, ON",518,9.0212,Toronto
316,5350250.05,"CT0250.05, Toronto, ON",825,11.1456,Toronto
317,5350260.01,"CT0260.01, Toronto, ON",331,5.139,Toronto
318,5350260.04,"CT0260.04, Toronto, ON",383,9.5678,Toronto
319,5350260.05,"CT0260.05, Toronto, ON",434,11.0856,Toronto
320,5350260.06,"CT0260.06, Toronto, ON",313,6.3502,Toronto
321,5350260.07,"CT0260.07, Toronto, ON",293,8.0738,Toronto
322,5350261.00,"CT0261.00, Toronto, ON",547,9.7783,Toronto
323,5350262.01,"CT0262.01, Toronto, ON",626,10.7616,Toronto
324,5350262.02,"CT0262.02, Toronto, ON",645,11.2135,Toronto
325,5350263.02,"CT0263.02, Toronto, ON",472,8.5694,Toronto
326,5350263.03,"CT0263.03, Toronto, ON",606,12.7525,Toronto
327,5350263.04,"CT0263.04, Toronto, ON",678,10.6186,Toronto
328,5350264.00,"CT0264.00, Toronto, ON",104,8.7322,Toronto
329,5350265.00,"CT0265.00, Toronto, ON",342,5.6222,Toronto
330,5350266.00,"CT0266.00, Toronto, ON",151,4.6836,Toronto
331,5350267.00,"CT0267.00, Toronto, ON",198,3.2321,Toronto
332,5350268.00,"CT0268.00, Toronto, ON",666,10.0498,Toronto
333,5350269.01,"CT0269.01, Toronto, ON",518,8.9915,Toronto
334,5350269.02,"CT0269.02, Toronto, ON",183,7.728,Toronto
335,5350270.01,"CT0270.01, Toronto, ON",401,7.6702,Toronto
336,5350270.02,"CT0270.02, Toronto, ON",423,11.0444,Toronto
337,5350271.01,"CT0271.01, Toronto, ON",262,10.3109,Toronto
338,5350271.02,"CT0271.02, Toronto, ON",519,11.6185,Toronto
339,5350272.01,"CT0272.01, Toronto, ON",575,9.9602,Toronto
340,5350272.02,"CT0272.02, Toronto, ON",502,11.0841,Toronto
341,5350273.01,"CT0273.01, Toronto, ON",188,4.8831,Toronto
342,5350273.02,"CT0273.02, Toronto, ON",293,7.8113,Toronto
343,5350274.01,"CT0274.01, Toronto, ON",307,6.3905,Toronto
344,5350274.02,"CT0274.02, Toronto, ON",314,6.9331,Toronto
345,5350275.00,"CT0275.00, Toronto, ON",503,9.2924,Toronto
346,5350276.01,"CT0276.01, Toronto, ON",524,8.8186,Toronto
347,5350276.02,"CT0276.02, Toronto, ON",411,6.0486,Toronto
348,5350277.00,"CT0277.00, Toronto, ON",277,7.0681,Toronto
349,5350278.00,"CT0278.00, Toronto, ON",706,9.595,Toronto
350,5350279.01,"CT0279.01, Toronto, ON",470,10.8671,Toronto
351,5350279.02,"CT0279.02, Toronto, ON",645,10.3332,Toronto
352,5350280.00,"CT0280.00, Toronto, ON",678,9.7512,Toronto
353,5350281.01,"CT0281.01, Toronto, ON",526,8.6159,Toronto
354,5350281.02,"CT0281.02, Toronto, ON",432,11.5477,Toronto
355,5350282.00,"CT0282.00, Toronto, ON",578,12.6173,Toronto
356,5350283.01,"CT0283.01, Toronto, ON",472,9.69,Toronto
357,5350283.02,"CT0283.02, Toronto, ON",413,9.8898,Toronto
358,5350284.00,"CT0284.00, Toronto, ON",730,10.7956,Toronto
359,5350285.00,"CT0285.00, Toronto, ON",259,8.0963,Toronto
360,5350286.00,"CT0286.00, Toronto, ON",401,5.0069,Toronto
361,5350287.02,"CT0287.02, Toronto, ON",657,10.9391,Toronto
362,5350287.03,"CT0287.03, Toronto, ON",299,10.6444,Toronto
363,5350287.04,"CT0287.04, Toronto, ON",322,7.5216,Toronto
364,5350288.00,"CT0288.00, Toronto, ON",710,5.9815,Toronto
365,5350289.00,"CT0289.00, Toronto, ON",369,7.3815,Toronto
366,5350290.01,"CT0290.01, Toronto, ON",350,9.3085,Toronto
367,5350290.02,"CT0290.02, Toronto, ON",81,4.5892,Toronto
368,5350291.02,"CT0291.02, Toronto, ON",518,10.9076,Toronto
369,5350291.03,"CT0291.03, Toronto, ON",292,10,Toronto
370,5350291.04,"CT0291.04, Toronto, ON",126,8.1712,Toronto
371,5350292.00,"CT0292.00, Toronto, ON",643,7.373,Toronto
372,5350293.00,"CT0293.00, Toronto, ON",610,8.9142,Toronto
373,5350294.01,"CT0294.01, Toronto, ON",548,13.1195,Toronto
374,5350294.02,"CT0294.02, Toronto, ON",280,6.8093,Toronto
375,5350295.00,"CT0295.00, Toronto, ON",592,9.973,Toronto
376,5350296.00,"CT0296.00, Toronto, ON",158,4.9937,Toronto
377,5350297.01,"CT0297.01, Toronto, ON",640,8.8753,Toronto
378,5350297.02,"CT0297.02, Toronto, ON",556,8.3047,Toronto
379,5350298.00,"CT0298.00, Toronto, ON",232,5.3604,Toronto
380,5350299.01,"CT0299.01, Toronto, ON",435,6.8677,Toronto
381,5350299.02,"CT0299.02, Toronto, ON",294,5.1806,Toronto
382,5350300.01,"CT0300.01, Toronto, ON",126,2.9072,Toronto
383,5350300.02,"CT0300.02, Toronto, ON",316,3.8716,Toronto
384,5350300.03,"CT0300.03, Toronto, ON",184,7.1595,Toronto
385,5350301.01,"CT0301.01, Toronto, ON",318,11.756,Toronto
386,5350301.03,"CT0301.03, Toronto, ON",502,5.011,Toronto
387,5350301.04,"CT0301.04, Toronto, ON",384,3.8278,Toronto
388,5350302.01,"CT0302.01, Toronto, ON",667,10.9776,Toronto
389,5350302.02,"CT0302.02, Toronto, ON",481,8.1099,Toronto
390,5350302.03,"CT0302.03, Toronto, ON",130,4.0273,Toronto
391,5350303.00,"CT0303.00, Toronto, ON",613,8.2018,Toronto
392,5350304.01,"CT0304.01, Toronto, ON",390,9.1378,Toronto
393,5350304.02,"CT0304.02, Toronto, ON",472,10.2364,Toronto
394,5350304.03,"CT0304.03, Toronto, ON",258,7.6626,Toronto
395,5350304.04,"CT0304.04, Toronto, ON",326,9.1779,Toronto
396,5350304.05,"CT0304.05, Toronto, ON",347,13.0304,Toronto
397,5350304.06,"CT0304.06, Toronto, ON",445,8.5005,Toronto
398,5350305.01,"CT0305.01, Toronto, ON",378,8.445,Toronto
399,5350305.03,"CT0305.03, Toronto, ON",255,5.1112,Toronto
400,5350305.05,"CT0305.05, Toronto, ON",336,4.4245,Toronto
401,5350305.06,"CT0305.06, Toronto, ON",180,2.5795,Toronto
402,5350306.01,"CT0306.01, Toronto, ON",243,5.336,Toronto
403,5350306.02,"CT0306.02, Toronto, ON",165,3.4642,Toronto
404,5350307.03,"CT0307.03, Toronto, ON",290,5.3397,Toronto
405,5350307.04,"CT0307.04, Toronto, ON",378,5.2002,Toronto
406,5350307.05,"CT0307.05, Toronto, ON",92,2.1811,Toronto
407,5350307.06,"CT0307.06, Toronto, ON",389,7.8065,Toronto
408,5350307.07,"CT0307.07, Toronto, ON",465,7.144,Toronto
409,5350308.02,"CT0308.02, Toronto, ON",239,5.3527,Toronto
410,5350308.03,"CT0308.03, Toronto, ON",54,4.9724,Toronto
411,5350308.05,"CT0308.05, Toronto, ON",220,8.5008,Toronto
412,5350308.06,"CT0308.06, Toronto, ON",258,4.0382,Toronto
413,5350308.07,"CT0308.07, Toronto, ON",118,2.5306,Toronto
414,5350309.00,"CT0309.00, Toronto, ON",655,10.236,Toronto
415,5350310.01,"CT0310.01, Toronto, ON",290,8.7402,Toronto
416,5350310.02,"CT0310.02, Toronto, ON",434,8.5686,Toronto
417,5350311.02,"CT0311.02, Toronto, ON",595,9.5475,Toronto
418,5350311.03,"CT0311.03, Toronto, ON",281,11.0543,Toronto
419,5350311.04,"CT0311.04, Toronto, ON",574,9.2357,Toronto
420,5350311.05,"CT0311.05, Toronto, ON",555,8.3171,Toronto
421,5350311.06,"CT0311.06, Toronto, ON",425,4.8733,Toronto
422,5350312.02,"CT0312.02, Toronto, ON",200,6.0496,Toronto
423,5350312.03,"CT0312.03, Toronto, ON",481,7.8672,Toronto
424,5350312.04,"CT0312.04, Toronto, ON",355,8.0371,Toronto
425,5350312.05,"CT0312.05, Toronto, ON",351,10.2722,Toronto
426,5350312.06,"CT0312.06, Toronto, ON",194,5.9711,Toronto
427,5350312.07,"CT0312.07, Toronto, ON",378,10.9629,Toronto
428,5350313.00,"CT0313.00, Toronto, ON",401,7.713,Toronto
429,5350314.01,"CT0314.01, Toronto, ON",772,10.9163,Toronto
430,5350314.02,"CT0314.02, Toronto, ON",203,4.2248,Toronto
431,5350315.01,"CT0315.01, Toronto, ON",322,9.8864,Toronto
432,5350315.02,"CT0315.02, Toronto, ON",164,5.09,Toronto
433,5350315.03,"CT0315.03, Toronto, ON",309,5.9173,Toronto
434,5350316.01,"CT0316.01, Toronto, ON",334,8.815,Toronto
435,5350316.03,"CT0316.03, Toronto, ON",573,10.6229,Toronto
436,5350316.04,"CT0316.04, Toronto, ON",361,9.2493,Toronto
437,5350316.05,"CT0316.05, Toronto, ON",396,10.6166,Toronto
438,5350316.06,"CT0316.06, Toronto, ON",265,7.9603,Toronto
439,5350317.02,"CT0317.02, Toronto, ON",770,10.7362,Toronto
440,5350317.03,"CT0317.03, Toronto, ON",276,8.082,Toronto
441,5350317.04,"CT0317.04, Toronto, ON",690,9.9841,Toronto
442,5350317.05,"CT0317.05, Toronto, ON",189,9.104,Toronto
443,5350318.01,"CT0318.01, Toronto, ON",429,8.6387,Toronto
444,5350318.02,"CT0318.02, Toronto, ON",176,3.6636,Toronto
445,5350319.00,"CT0319.00, Toronto, ON",294,7.2503,Toronto
446,5350320.01,"CT0320.01, Toronto, ON",381,8.0789,Toronto
447,5350320.02,"CT0320.02, Toronto, ON",524,9.2059,Toronto
448,5350321.01,"CT0321.01, Toronto, ON",323,8.3571,Toronto
449,5350321.02,"CT0321.02, Toronto, ON",289,7.2631,Toronto
450,5350322.01,"CT0322.01, Toronto, ON",143,2.8796,Toronto
451,5350322.02,"CT0322.02, Toronto, ON",263,7.3505,Toronto
452,5350323.01,"CT0323.01, Toronto, ON",367,7.8823,Toronto
453,5350323.02,"CT0323.02, Toronto, ON",570,11.7284,Toronto
454,5350324.01,"CT0324.01, Toronto, ON",263,8.4566,Toronto
455,5350324.02,"CT0324.02, Toronto, ON",540,9.0075,Toronto
456,5350324.03,"CT0324.03, Toronto, ON",374,9.9152,Toronto
457,5350324.05,"CT0324.05, Toronto, ON",332,10,Toronto
458,5350324.06,"CT0324.06, Toronto, ON",280,8.49,Toronto
459,5350330.00,"CT0330.00, Toronto, ON",648,16.3183,Toronto
460,5350331.01,"CT0331.01, Toronto, ON",770,13.9392,Toronto
461,5350331.03,"CT0331.03, Toronto, ON",553,9.6611,Toronto
462,5350331.04,"CT0331.04, Toronto, ON",400,11.5774,Toronto
463,5350332.00,"CT0332.00, Toronto, ON",755,10.8743,Toronto
464,5350333.00,"CT0333.00, Toronto, ON",698,15.6748,Toronto
465,5350334.00,"CT0334.00, Toronto, ON",430,11.037,Toronto
466,5350335.00,"CT0335.00, Toronto, ON",837,10.8504,Toronto
467,5350336.00,"CT0336.00, Toronto, ON",1127,16.846,Toronto
468,5350337.01,"CT0337.01, Toronto, ON",55,3.9769,Toronto
469,5350337.02,"CT0337.02, Toronto, ON",320,17.4959,Toronto
470,5350338.00,"CT0338.00, Toronto, ON",874,14.7685,Toronto
471,5350339.00,"CT0339.00, Toronto, ON",930,13.4802,Toronto
472,5350340.00,"CT0340.00, Toronto, ON",689,10.4016,Toronto
473,5350341.02,"CT0341.02, Toronto, ON",385,8.5803,Toronto
474,5350341.03,"CT0341.03, Toronto, ON",325,11.2691,Toronto
475,5350341.04,"CT0341.04, Toronto, ON",473,7.8755,Toronto
476,5350342.00,"CT0342.00, Toronto, ON",499,7.2424,Toronto
477,5350343.00,"CT0343.00, Toronto, ON",251,6.3512,Toronto
478,5350344.01,"CT0344.01, Toronto, ON",348,6.8142,Toronto
479,5350344.02,"CT0344.02, Toronto, ON",532,15.9808,Toronto
480,5350345.00,"CT0345.00, Toronto, ON",230,5.6386,Toronto
481,5350346.01,"CT0346.01, Toronto, ON",375,8.6505,Toronto
482,5350346.02,"CT0346.02, Toronto, ON",498,10.0545,Toronto
483,5350347.00,"CT0347.00, Toronto, ON",214,6.0452,Toronto
484,5350348.00,"CT0348.00, Toronto, ON",535,9.7699,Toronto
485,5350349.00,"CT0349.00, Toronto, ON",665,12.3952,Toronto
486,5350350.00,"CT0350.00, Toronto, ON",587,11.4805,Toronto
487,5350351.01,"CT0351.01, Toronto, ON",511,10.4778,Toronto
488,5350351.02,"CT0351.02, Toronto, ON",235,8.915,Toronto
489,5350352.00,"CT0352.00, Toronto, ON",324,6.3232,Toronto
490,5350353.02,"CT0353.02, Toronto, ON",427,8.2656,Toronto
491,5350353.03,"CT0353.03, Toronto, ON",232,7.6041,Toronto
492,5350353.04,"CT0353.04, Toronto, ON",408,9.5842,Toronto
493,5350354.00,"CT0354.00, Toronto, ON",309,6.1116,Toronto
494,5350355.02,"CT0355.02, Toronto, ON",479,10.0272,Toronto
495,5350355.04,"CT0355.04, Toronto, ON",474,8.8864,Toronto
496,5350355.05,"CT0355.05, Toronto, ON",339,9.761,Toronto
497,5350355.06,"CT0355.06, Toronto, ON",135,8.6817,Toronto
498,5350356.00,"CT0356.00, Toronto, ON",440,9.881,Toronto
499,5350357.01,"CT0357.01, Toronto, ON",586,9.0418,Toronto
500,5350357.02,"CT0357.02, Toronto, ON",409,9.3251,Toronto
501,5350358.01,"CT0358.01, Toronto, ON",530,16.4545,Toronto
502,5350358.02,"CT0358.02, Toronto, ON",585,11.2435,Toronto
503,5350358.03,"CT0358.03, Toronto, ON",423,7.9184,Toronto
504,5350359.00,"CT0359.00, Toronto, ON",821,10.4759,Toronto
505,5350360.00,"CT0360.00, Toronto, ON",801,13.0861,Toronto
506,5350361.01,"CT0361.01, Toronto, ON",599,10.1612,Toronto
507,5350361.02,"CT0361.02, Toronto, ON",563,7.9106,Toronto
508,5350362.01,"CT0362.01, Toronto, ON",564,9.8739,Toronto
509,5350362.02,"CT0362.02, Toronto, ON",262,4.7593,Toronto
510,5350362.03,"CT0362.03, Toronto, ON",614,8.896,Toronto
511,5350362.04,"CT0362.04, Toronto, ON",642,12.3083,Toronto
512,5350363.02,"CT0363.02, Toronto, ON",419,14.2034,Toronto
513,5350363.04,"CT0363.04, Toronto, ON",319,8.1006,Toronto
514,5350363.05,"CT0363.05, Toronto, ON",486,10.2792,Toronto
515,5350363.06,"CT0363.06, Toronto, ON",499,7.0292,Toronto
516,5350363.07,"CT0363.07, Toronto, ON",517,10.7084,Toronto
517,5350364.01,"CT0364.01, Toronto, ON",538,10.2281,Toronto
518,5350364.02,"CT0364.02, Toronto, ON",208,8.2474,Toronto
519,5350365.00,"CT0365.00, Toronto, ON",381,4.4945,Toronto
520,5350366.00,"CT0366.00, Toronto, ON",554,9.4234,Toronto
521,5350367.01,"CT0367.01, Toronto, ON",290,6.682,Toronto
522,5350367.02,"CT0367.02, Toronto, ON",361,10.6114,Toronto
523,5350368.01,"CT0368.01, Toronto, ON",301,4.5835,Toronto
524,5350368.02,"CT0368.02, Toronto, ON",409,10.6234,Toronto
525,5350369.00,"CT0369.00, Toronto, ON",708,9.375,Toronto
526,5350370.01,"CT0370.01, Toronto, ON",985,10.2115,Toronto
527,5350370.02,"CT0370.02, Toronto, ON",354,6.5386,Toronto
528,5350370.03,"CT0370.03, Toronto, ON",389,9.769,Toronto
529,5350371.00,"CT0371.00, Toronto, ON",837,9.9194,Toronto
530,5350372.00,"CT0372.00, Toronto, ON",476,11.7068,Toronto
531,5350373.00,"CT0373.00, Toronto, ON",511,11.1159,Toronto
532,5350374.01,"CT0374.01, Toronto, ON",530,9.7949,Toronto
533,5350374.02,"CT0374.02, Toronto, ON",342,10.9791,Toronto
534,5350374.03,"CT0374.03, Toronto, ON",397,10.4943,Toronto
535,5350375.01,"CT0375.01, Toronto, ON",588,9.1489,Toronto
536,5350375.02,"CT0375.02, Toronto, ON",205,7.49,Toronto
537,5350375.03,"CT0375.03, Toronto, ON",522,10.7474,Toronto
538,5350375.04,"CT0375.04, Toronto, ON",558,9.0438,Toronto
539,5350375.05,"CT0375.05, Toronto, ON",580,8.22,Toronto
540,5350376.01,"CT0376.01, Toronto, ON",541,11.1569,Toronto
541,5350376.02,"CT0376.02, Toronto, ON",415,8.8298,Toronto
542,5350376.04,"CT0376.04, Toronto, ON",793,14.6988,Toronto
543,5350376.05,"CT0376.05, Toronto, ON",861,13.7738,Toronto
544,5350376.06,"CT0376.06, Toronto, ON",19,4.7619,Toronto
545,5350376.08,"CT0376.08, Toronto, ON",741,12.8579,Toronto
546,5350376.09,"CT0376.09, Toronto, ON",750,16.8312,Toronto
547,5350376.11,"CT0376.11, Toronto, ON",202,6.285,Toronto
548,5350376.12,"CT0376.12, Toronto, ON",730,14.0818,Toronto
549,5350376.13,"CT0376.13, Toronto, ON",587,15.5579,Toronto
550,5350376.14,"CT0376.14, Toronto, ON",547,15.9895,Toronto
551,5350376.15,"CT0376.15, Toronto, ON",441,11.2615,Toronto
552,5350376.16,"CT0376.16, Toronto, ON",326,7.09,Toronto
553,5350377.02,"CT0377.02, Toronto, ON",568,13.6834,Toronto
554,5350377.03,"CT0377.03, Toronto, ON",278,11.3701,Toronto
555,5350377.04,"CT0377.04, Toronto, ON",600,11.4526,Toronto
556,5350377.06,"CT0377.06, Toronto, ON",452,13.697,Toronto
557,5350377.07,"CT0377.07, Toronto, ON",611,13.3494,Toronto
558,5350377.08,"CT0377.08, Toronto, ON",453,9.9956,Toronto
559,5350377.09,"CT0377.09, Toronto, ON",272,3.587,Toronto
560,5350378.02,"CT0378.02, Toronto, ON",274,9.906,Toronto
561,5350378.03,"CT0378.03, Toronto, ON",473,5.6721,Toronto
562,5350378.04,"CT0378.04, Toronto, ON",272,5.0352,Toronto
563,5350378.05,"CT0378.05, Toronto, ON",228,6.3937,Toronto
564,5350378.06,"CT0378.06, Toronto, ON",242,4.303,Toronto
565,5350378.07,"CT0378.07, Toronto, ON",688,10.3646,Toronto
566,5350378.08,"CT0378.08, Toronto, ON",675,10.5386,Toronto
567,5350378.11,"CT0378.11, Toronto, ON",231,4.3925,Toronto
568,5350378.12,"CT0378.12, Toronto, ON",372,7.4699,Toronto
569,5350378.14,"CT0378.14, Toronto, ON",363,10.295,Toronto
570,5350378.16,"CT0378.16, Toronto, ON",485,8.6146,Toronto
571,5350378.17,"CT0378.17, Toronto, ON",164,5.4997,Toronto
572,5350378.18,"CT0378.18, Toronto, ON",359,13.481,Toronto
573,5350378.19,"CT0378.19, Toronto, ON",552,12.9304,Toronto
574,5350378.20,"CT0378.20, Toronto, ON",312,15.6234,Toronto
575,5350378.21,"CT0378.21, Toronto, ON",391,11.4394,Toronto
576,5350378.22,"CT0378.22, Toronto, ON",391,14.4868,Toronto
577,5350378.23,"CT0378.23, Toronto, ON",575,14.9002,Toronto
578,5350378.24,"CT0378.24, Toronto, ON",711,12.4388,Toronto
579,5350378.25,"CT0378.25, Toronto, ON",318,4.2851,Toronto
580,5350378.26,"CT0378.26, Toronto, ON",187,3.8983,Toronto
581,5350378.27,"CT0378.27, Toronto, ON",184,3.7536,Toronto
582,5350378.28,"CT0378.28, Toronto, ON",329,4.8525,Toronto
583,5350400.02,"CT0400.02, Toronto, ON",247,4.6307,York
584,5350400.03,"CT0400.03, Toronto, ON",233,9.024,York
585,5350400.04,"CT0400.04, Toronto, ON",179,9.8895,York
586,5350400.06,"CT0400.06, Toronto, ON",287,10.3986,York
587,5350400.07,"CT0400.07, Toronto, ON",327,10.7992,York
588,5350400.08,"CT0400.08, Toronto, ON",372,12.8364,York
589,5350400.11,"CT0400.11, Toronto, ON",439,7.7658,York
590,5350400.12,"CT0400.12, Toronto, ON",592,9.4569,York
591,5350400.13,"CT0400.13, Toronto, ON",324,5.2444,York
592,5350400.14,"CT0400.14, Toronto, ON",455,8.6125,York
593,5350400.15,"CT0400.15, Toronto, ON",293,7.1394,York
594,5350400.16,"CT0400.16, Toronto, ON",182,3.659,York
595,5350400.17,"CT0400.17, Toronto, ON",178,5.2077,York
596,5350400.18,"CT0400.18, Toronto, ON",105,5.63,York
597,5350400.19,"CT0400.19, Toronto, ON",120,1.1383,York
598,5350400.20,"CT0400.20, Toronto, ON",38,0.683,York
599,5350400.21,"CT0400.21, Toronto, ON",105,3.3827,York
600,5350400.22,"CT0400.22, Toronto, ON",180,1.8151,York
601,5350400.23,"CT0400.23, Toronto, ON",279,2.6128,York
602,5350401.04,"CT0401.04, Toronto, ON",464,16.0332,York
603,5350401.05,"CT0401.05, Toronto, ON",172,4.7123,York
604,5350401.06,"CT0401.06, Toronto, ON",376,5.617,York
605,5350401.07,"CT0401.07, Toronto, ON",208,5.0719,York
606,5350401.08,"CT0401.08, Toronto, ON",263,8.7463,York
607,5350401.09,"CT0401.09, Toronto, ON",598,7.8282,York
608,5350401.10,"CT0401.10, Toronto, ON",401,9.3018,York
609,5350401.11,"CT0401.11, Toronto, ON",667,11.2974,York
610,5350401.13,"CT0401.13, Toronto, ON",819,12,York
611,5350401.14,"CT0401.14, Toronto, ON",313,4.4284,York
612,5350401.15,"CT0401.15, Toronto, ON",343,13.1771,York
613,5350401.17,"CT0401.17, Toronto, ON",379,11.8105,York
614,5350401.18,"CT0401.18, Toronto, ON",498,5.1129,York
615,5350401.19,"CT0401.19, Toronto, ON",847,14.8831,York
616,5350401.20,"CT0401.20, Toronto, ON",500,13.6426,York
617,5350401.21,"CT0401.21, Toronto, ON",246,10.6401,York
618,5350401.22,"CT0401.22, Toronto, ON",550,7.0649,York
619,5350401.23,"CT0401.23, Toronto, ON",298,14.3753,York
620,5350402.01,"CT0402.01, Toronto, ON",232,10.4505,York
621,5350402.02,"CT0402.02, Toronto, ON",345,5.936,York
622,5350402.03,"CT0402.03, Toronto, ON",328,11.7143,York
623,5350402.04,"CT0402.04, Toronto, ON",445,9.9175,York
624,5350402.05,"CT0402.05, Toronto, ON",139,6.6285,York
625,5350402.06,"CT0402.06, Toronto, ON",645,11.4626,York
626,5350402.07,"CT0402.07, Toronto, ON",171,9.2183,York
627,5350402.08,"CT0402.08, Toronto, ON",602,10.7289,York
628,5350402.09,"CT0402.09, Toronto, ON",294,8.7866,York
629,5350402.10,"CT0402.10, Toronto, ON",332,8.9681,York
630,5350402.12,"CT0402.12, Toronto, ON",523,7.9994,York
631,5350402.13,"CT0402.13, Toronto, ON",143,3.1546,York
632,5350403.01,"CT0403.01, Toronto, ON",357,5.2991,York
633,5350403.04,"CT0403.04, Toronto, ON",169,4.2981,York
634,5350403.05,"CT0403.05, Toronto, ON",191,3.5027,York
635,5350403.07,"CT0403.07, Toronto, ON",365,3.2159,York
636,5350403.09,"CT0403.09, Toronto, ON",133,2.7737,York
637,5350403.10,"CT0403.10, Toronto, ON",167,2.8818,York
638,5350403.11,"CT0403.11, Toronto, ON",200,1.9537,York
639,5350403.12,"CT0403.12, Toronto, ON",130,1.4209,York
640,5350403.13,"CT0403.13, Toronto, ON",356,5.6293,York
641,5350403.14,"CT0403.14, Toronto, ON",371,3.4849,York
642,5350403.15,"CT0403.15, Toronto, ON",170,1.4494,York
643,5350403.16,"CT0403.16, Toronto, ON",169,4.0057,York
644,5350410.02,"CT0410.02, Toronto, ON",383,9.22,York
645,5350410.03,"CT0410.03, Toronto, ON",321,4.8888,York
646,5350410.04,"CT0410.04, Toronto, ON",173,5.1457,York
647,5350410.05,"CT0410.05, Toronto, ON",112,1.9844,York
648,5350410.07,"CT0410.07, Toronto, ON",71,2.2009,York
649,5350410.09,"CT0410.09, Toronto, ON",420,8.307,York
650,5350410.10,"CT0410.10, Toronto, ON",401,10.7709,York
651,5350410.11,"CT0410.11, Toronto, ON",304,8.6981,York
652,5350410.12,"CT0410.12, Toronto, ON",756,10.0186,York
653,5350410.13,"CT0410.13, Toronto, ON",131,1.9768,York
654,5350410.14,"CT0410.14, Toronto, ON",60,1.113,York
655,5350410.15,"CT0410.15, Toronto, ON",128,7.6055,York
656,5350411.01,"CT0411.01, Toronto, ON",379,7.2204,York
657,5350411.04,"CT0411.04, Toronto, ON",275,5.5243,York
658,5350411.07,"CT0411.07, Toronto, ON",134,3.1731,York
659,5350411.08,"CT0411.08, Toronto, ON",289,2.3435,York
660,5350411.09,"CT0411.09, Toronto, ON",12,0.2063,York
661,5350411.12,"CT0411.12, Toronto, ON",226,4.3163,York
662,5350411.15,"CT0411.15, Toronto, ON",405,10.0847,York
663,5350411.16,"CT0411.16, Toronto, ON",337,4.281,York
664,5350411.17,"CT0411.17, Toronto, ON",1,0.0113,York
665,5350411.18,"CT0411.18, Toronto, ON",1,0.0103,York
666,5350411.19,"CT0411.19, Toronto, ON",0,0,York
667,5350411.21,"CT0411.21, Toronto, ON",210,9.5847,York
668,5350411.22,"CT0411.22, Toronto, ON",133,2.5626,York
669,5350411.23,"CT0411.23, Toronto, ON",448,9.9071,York
670,5350411.24,"CT0411.24, Toronto, ON",288,4.2902,York
671,5350411.25,"CT0411.25, Toronto, ON",131,4.0196,York
672,5350411.26,"CT0411.26, Toronto, ON",247,4.9037,York
673,5350411.27,"CT0411.27, Toronto, ON",54,1.3932,York
674,5350411.28,"CT0411.28, Toronto, ON",0,0,York
675,5350411.29,"CT0411.29, Toronto, ON",1,0.0181,York
676,5350411.30,"CT0411.30, Toronto, ON",1,0.0151,York
677,5350412.01,"CT0412.01, Toronto, ON",763,10.652,York
678,5350412.02,"CT0412.02, Toronto, ON",1042,10.2812,York
679,5350412.04,"CT0412.04, Toronto, ON",133,3.267,York
680,5350412.06,"CT0412.06, Toronto, ON",270,8.2092,York
681,5350412.08,"CT0412.08, Toronto, ON",263,11.1252,York
682,5350412.10,"CT0412.10, Toronto, ON",311,5.4908,York
683,5350412.11,"CT0412.11, Toronto, ON",50,1.1628,York
684,5350412.12,"CT0412.12, Toronto, ON",210,5.7283,York
685,5350412.13,"CT0412.13, Toronto, ON",219,4.0526,York
686,5350412.14,"CT0412.14, Toronto, ON",95,2.8718,York
687,5350412.15,"CT0412.15, Toronto, ON",360,6.4551,York
688,5350412.18,"CT0412.18, Toronto, ON",147,2.1432,York
689,5350412.19,"CT0412.19, Toronto, ON",107,1.1855,York
690,5350412.20,"CT0412.20, Toronto, ON",40,0.7453,York
691,5350412.21,"CT0412.21, Toronto, ON",2,5.5556,York
692,5350412.22,"CT0412.22, Toronto, ON",23,0.2748,York
693,5350412.24,"CT0412.24, Toronto, ON",135,1.6037,York
694,5350412.25,"CT0412.25, Toronto, ON",73,1.3676,York
695,5350412.26,"CT0412.26, Toronto, ON",150,2.6544,York
696,5350413.01,"CT0413.01, Toronto, ON",39,0.2378,York
697,5350413.02,"CT0413.02, Toronto, ON",38,0.2666,York
698,5350420.03,"CT0420.03, Toronto, ON",518,7.5786,York
699,5350420.05,"CT0420.05, Toronto, ON",515,6.4561,York
700,5350420.06,"CT0420.06, Toronto, ON",293,6.055,York
701,5350420.08,"CT0420.08, Toronto, ON",516,12.0928,York
702,5350420.09,"CT0420.09, Toronto, ON",441,9.2202,York
703,5350420.10,"CT0420.10, Toronto, ON",58,1.6338,York
704,5350420.11,"CT0420.11, Toronto, ON",171,2.9529,York
705,5350420.13,"CT0420.13, Toronto, ON",467,6.8717,York
706,5350420.14,"CT0420.14, Toronto, ON",452,5.2002,York
707,5350420.15,"CT0420.15, Toronto, ON",66,2.8821,York
708,5350421.01,"CT0421.01, Toronto, ON",145,1.9471,York
709,5350421.04,"CT0421.04, Toronto, ON",515,14.4177,York
710,5350421.05,"CT0421.05, Toronto, ON",117,3.6758,York
711,5350421.06,"CT0421.06, Toronto, ON",393,8.8117,York
712,5350421.07,"CT0421.07, Toronto, ON",64,1.6101,York
713,5350422.02,"CT0422.02, Toronto, ON",402,7.3078,York
714,5350422.03,"CT0422.03, Toronto, ON",110,1.634,York
715,5350422.04,"CT0422.04, Toronto, ON",98,2.6587,York
716,5350422.05,"CT0422.05, Toronto, ON",320,4.9543,York
717,5350422.06,"CT0422.06, Toronto, ON",504,9.6607,York
718,5350423.01,"CT0423.01, Toronto, ON",226,6.2813,York
719,5350423.02,"CT0423.02, Toronto, ON",425,5.6471,York
720,5350424.04,"CT0424.04, Toronto, ON",59,2.419,York
721,5350424.05,"CT0424.05, Toronto, ON",386,4.5605,York
722,5350424.07,"CT0424.07, Toronto, ON",15,0.1914,York
723,5350424.08,"CT0424.08, Toronto, ON",29,0.4241,York
724,5350424.09,"CT0424.09, Toronto, ON",24,0.5587,York
725,5350424.10,"CT0424.10, Toronto, ON",17,0.2773,York
726,5350424.11,"CT0424.11, Toronto, ON",88,1.0585,York
727,5350424.13,"CT0424.13, Toronto, ON",94,1.8902,York
728,5350424.14,"CT0424.14, Toronto, ON",6,0.0504,York
729,5350424.15,"CT0424.15, Toronto, ON",43,0.4664,York
730,5350424.16,"CT0424.16, Toronto, ON",21,0.2506,York
731,5350430.03,"CT0430.03, Toronto, ON",438,7.587,York
732,5350430.05,"CT0430.05, Toronto, ON",236,3.3806,York
733,5350430.06,"CT0430.06, Toronto, ON",1,0.013,York
734,5350430.07,"CT0430.07, Toronto, ON",583,5.9092,York
735,5350430.08,"CT0430.08, Toronto, ON",275,4.0953,York
736,5350431.01,"CT0431.01, Toronto, ON",716,10.7945,York
737,5350431.02,"CT0431.02, Toronto, ON",410,6.6214,York
738,5350440.00,"CT0440.00, Toronto, ON",449,5.9549,York
739,5350441.02,"CT0441.02, Toronto, ON",606,15.3768,York
740,5350441.03,"CT0441.03, Toronto, ON",529,7.8955,York
741,5350441.04,"CT0441.04, Toronto, ON",145,2.6489,York
742,5350442.02,"CT0442.02, Toronto, ON",536,12.9814,York
743,5350442.03,"CT0442.03, Toronto, ON",312,6.26,York
744,5350442.04,"CT0442.04, Toronto, ON",373,10.7061,York
745,5350442.05,"CT0442.05, Toronto, ON",951,13.8327,York
746,5350442.06,"CT0442.06, Toronto, ON",31,0.189,York
747,5350450.02,"CT0450.02, Toronto, ON",444,16.2281,York
748,5350450.03,"CT0450.03, Toronto, ON",968,12.2843,York
749,5350450.05,"CT0450.05, Toronto, ON",413,7.1342,York
750,5350450.06,"CT0450.06, Toronto, ON",174,2.2211,York
751,5350451.01,"CT0451.01, Toronto, ON",345,16.3895,York
752,5350451.02,"CT0451.02, Toronto, ON",939,17.4147,York
753,5350451.03,"CT0451.03, Toronto, ON",705,11.141,York
754,5350451.05,"CT0451.05, Toronto, ON",253,4.3606,York
755,5350451.06,"CT0451.06, Toronto, ON",159,2.5501,York
756,5350451.07,"CT0451.07, Toronto, ON",1,0.0209,York
757,5350452.01,"CT0452.01, Toronto, ON",484,16.1819,York
758,5350452.02,"CT0452.02, Toronto, ON",601,12.6874,York
759,5350452.03,"CT0452.03, Toronto, ON",602,12.004,York
760,5350452.05,"CT0452.05, Toronto, ON",1,0.0163,York
761,5350452.06,"CT0452.06, Toronto, ON",5,0.1218,York
762,5350452.07,"CT0452.07, Toronto, ON",523,10.5444,York
763,5350455.00,"CT0455.00, Toronto, ON",518,5.5277,York
764,5350456.01,"CT0456.01, Toronto, ON",428,3.4976,York
765,5350456.02,"CT0456.02, Toronto, ON",596,5.3568,York
766,5350456.03,"CT0456.03, Toronto, ON",702,15.4933,York
767,5350460.01,"CT0460.01, Toronto, ON",315,3.8822,York
768,5350460.02,"CT0460.02, Toronto, ON",423,12.8337,York
769,5350461.01,"CT0461.01, Toronto, ON",156,2.3019,York
770,5350461.02,"CT0461.02, Toronto, ON",1238,16.5464,York
771,5350470.00,"CT0470.00, Toronto, ON",381,13.6315,York
772,5350471.00,"CT0471.00, Toronto, ON",572,17.9479,York
773,5350472.00,"CT0472.00, Toronto, ON",636,7.7827,York
774,5350473.01,"CT0473.01, Toronto, ON",539,8.733,York
775,5350473.02,"CT0473.02, Toronto, ON",877,13.5738,York
776,5350473.03,"CT0473.03, Toronto, ON",603,18.0485,York
777,5350474.00,"CT0474.00, Toronto, ON",940,15.7957,York
778,5350475.00,"CT0475.00, Toronto, ON",1135,15.692,York
779,5350476.01,"CT0476.01, Toronto, ON",31,14.2202,York
780,5350476.02,"CT0476.02, Toronto, ON",347,14.8545,York
781,5350500.01,"CT0500.01, Toronto, ON",474,13.2662,Peel
782,5350500.02,"CT0500.02, Toronto, ON",752,16.4228,Peel
783,5350501.01,"CT0501.01, Toronto, ON",649,12.452,Peel
784,5350501.02,"CT0501.02, Toronto, ON",846,12.0427,Peel
785,5350502.01,"CT0502.01, Toronto, ON",849,15.4729,Peel
786,5350502.02,"CT0502.02, Toronto, ON",426,19.1892,Peel
787,5350503.00,"CT0503.00, Toronto, ON",637,13.8148,Peel
788,5350504.00,"CT0504.00, Toronto, ON",288,9.2694,Peel
789,5350505.01,"CT0505.01, Toronto, ON",150,3.5689,Peel
790,5350505.02,"CT0505.02, Toronto, ON",144,2.596,Peel
791,5350506.00,"CT0506.00, Toronto, ON",81,3.3061,Peel
792,5350507.00,"CT0507.00, Toronto, ON",317,8.8203,Peel
793,5350508.00,"CT0508.00, Toronto, ON",458,12.3317,Peel
794,5350509.01,"CT0509.01, Toronto, ON",739,14.7859,Peel
795,5350509.02,"CT0509.02, Toronto, ON",314,9.8742,Peel
796,5350510.00,"CT0510.00, Toronto, ON",602,11.8411,Peel
797,5350511.01,"CT0511.01, Toronto, ON",578,11.1734,Peel
798,5350511.02,"CT0511.02, Toronto, ON",617,13.6535,Peel
799,5350512.00,"CT0512.00, Toronto, ON",462,8.2633,Peel
800,5350513.01,"CT0513.01, Toronto, ON",576,8.7312,Peel
801,5350513.02,"CT0513.02, Toronto, ON",575,10.0859,Peel
802,5350513.03,"CT0513.03, Toronto, ON",273,9.9562,Peel
803,5350513.04,"CT0513.04, Toronto, ON",324,9.5434,Peel
804,5350514.01,"CT0514.01, Toronto, ON",105,4.832,Peel
805,5350514.02,"CT0514.02, Toronto, ON",516,10.3345,Peel
806,5350515.01,"CT0515.01, Toronto, ON",603,15.8019,Peel
807,5350515.02,"CT0515.02, Toronto, ON",390,12.1193,Peel
808,5350516.01,"CT0516.01, Toronto, ON",305,6.1257,Peel
809,5350516.02,"CT0516.02, Toronto, ON",428,9.5069,Peel
810,5350516.03,"CT0516.03, Toronto, ON",869,16.24,Peel
811,5350516.04,"CT0516.04, Toronto, ON",566,9.9824,Peel
812,5350516.05,"CT0516.05, Toronto, ON",788,13.6403,Peel
813,5350516.06,"CT0516.06, Toronto, ON",535,13.0615,Peel
814,5350516.08,"CT0516.08, Toronto, ON",740,12.1411,Peel
815,5350516.09,"CT0516.09, Toronto, ON",867,13.5026,Peel
816,5350516.11,"CT0516.11, Toronto, ON",261,6.1761,Peel
817,5350516.16,"CT0516.16, Toronto, ON",427,8.6824,Peel
818,5350516.17,"CT0516.17, Toronto, ON",542,16.6872,Peel
819,5350516.18,"CT0516.18, Toronto, ON",497,15.368,Peel
820,5350516.20,"CT0516.20, Toronto, ON",244,4.3255,Peel
821,5350516.21,"CT0516.21, Toronto, ON",81,2.8551,Peel
822,5350516.22,"CT0516.22, Toronto, ON",184,2.8545,Peel
823,5350516.23,"CT0516.23, Toronto, ON",139,2.6411,Peel
824,5350516.24,"CT0516.24, Toronto, ON",146,4.0132,Peel
825,5350516.25,"CT0516.25, Toronto, ON",227,6.6413,Peel
826,5350516.26,"CT0516.26, Toronto, ON",447,7.1992,Peel
827,5350516.28,"CT0516.28, Toronto, ON",130,2.9885,Peel
828,5350516.29,"CT0516.29, Toronto, ON",163,3.7232,Peel
829,5350516.30,"CT0516.30, Toronto, ON",335,5.9303,Peel
830,5350516.31,"CT0516.31, Toronto, ON",346,12.9153,Peel
831,5350516.32,"CT0516.32, Toronto, ON",161,3.3816,Peel
832,5350516.37,"CT0516.37, Toronto, ON",566,6.2805,Peel
833,5350516.38,"CT0516.38, Toronto, ON",263,4.5034,Peel
834,5350516.39,"CT0516.39, Toronto, ON",199,4.1346,Peel
835,5350516.40,"CT0516.40, Toronto, ON",163,2.7787,Peel
836,5350516.41,"CT0516.41, Toronto, ON",156,2.9971,Peel
837,5350516.43,"CT0516.43, Toronto, ON",275,7.5301,Peel
838,5350516.44,"CT0516.44, Toronto, ON",133,2.837,Peel
839,5350516.47,"CT0516.47, Toronto, ON",102,2.1429,Peel
840,5350516.48,"CT0516.48, Toronto, ON",144,2.3688,Peel
841,5350516.50,"CT0516.50, Toronto, ON",98,2.7132,Peel
842,5350516.51,"CT0516.51, Toronto, ON",98,2.2701,Peel
843,5350516.52,"CT0516.52, Toronto, ON",132,2.9878,Peel
844,5350516.53,"CT0516.53, Toronto, ON",41,1.5751,Peel
845,5350516.54,"CT0516.54, Toronto, ON",152,3.4467,Peel
846,5350516.55,"CT0516.55, Toronto, ON",123,2.8082,Peel
847,5350517.00,"CT0517.00, Toronto, ON",213,13.3794,Peel
848,5350518.00,"CT0518.00, Toronto, ON",391,9.7143,Peel
849,5350519.00,"CT0519.00, Toronto, ON",198,5.5649,Peel
850,5350520.01,"CT0520.01, Toronto, ON",263,5.426,Peel
851,5350520.02,"CT0520.02, Toronto, ON",470,5.3949,Peel
852,5350520.05,"CT0520.05, Toronto, ON",321,9.6339,Peel
853,5350520.07,"CT0520.07, Toronto, ON",283,5.8958,Peel
854,5350520.08,"CT0520.08, Toronto, ON",440,7.6046,Peel
855,5350520.09,"CT0520.09, Toronto, ON",404,5.6096,Peel
856,5350520.11,"CT0520.11, Toronto, ON",167,3.7587,Peel
857,5350520.12,"CT0520.12, Toronto, ON",288,6.0517,Peel
858,5350521.01,"CT0521.01, Toronto, ON",484,9.5276,Peel
859,5350521.02,"CT0521.02, Toronto, ON",437,13.6991,Peel
860,5350521.03,"CT0521.03, Toronto, ON",243,5.2213,Peel
861,5350521.04,"CT0521.04, Toronto, ON",607,10.2292,Peel
862,5350521.05,"CT0521.05, Toronto, ON",458,11.3282,Peel
863,5350521.06,"CT0521.06, Toronto, ON",489,9.0305,Peel
864,5350522.00,"CT0522.00, Toronto, ON",632,11.0393,Peel
865,5350523.00,"CT0523.00, Toronto, ON",746,13.0534,Peel
866,5350524.01,"CT0524.01, Toronto, ON",311,7.1069,Peel
867,5350524.02,"CT0524.02, Toronto, ON",395,11.8334,Peel
868,5350525.01,"CT0525.01, Toronto, ON",291,9.5191,Peel
869,5350525.02,"CT0525.02, Toronto, ON",374,9.7931,Peel
870,5350526.01,"CT0526.01, Toronto, ON",557,10.0198,Peel
871,5350526.02,"CT0526.02, Toronto, ON",411,12.6306,Peel
872,5350527.02,"CT0527.02, Toronto, ON",493,11.1488,Peel
873,5350527.04,"CT0527.04, Toronto, ON",675,12.5465,Peel
874,5350527.05,"CT0527.05, Toronto, ON",407,7.9137,Peel
875,5350527.06,"CT0527.06, Toronto, ON",182,5.011,Peel
876,5350527.07,"CT0527.07, Toronto, ON",411,9.3921,Peel
877,5350527.08,"CT0527.08, Toronto, ON",391,10.2035,Peel
878,5350527.09,"CT0527.09, Toronto, ON",390,12.504,Peel
879,5350527.10,"CT0527.10, Toronto, ON",157,2.3966,Peel
880,5350527.11,"CT0527.11, Toronto, ON",380,3.8095,Peel
881,5350527.12,"CT0527.12, Toronto, ON",405,9.0261,Peel
882,5350527.13,"CT0527.13, Toronto, ON",124,3.1101,Peel
883,5350528.01,"CT0528.01, Toronto, ON",219,4.1611,Peel
884,5350528.11,"CT0528.11, Toronto, ON",589,11.5242,Peel
885,5350528.12,"CT0528.12, Toronto, ON",224,4.375,Peel
886,5350528.13,"CT0528.13, Toronto, ON",174,5.5787,Peel
887,5350528.15,"CT0528.15, Toronto, ON",146,3.5368,Peel
888,5350528.16,"CT0528.16, Toronto, ON",203,4.189,Peel
889,5350528.18,"CT0528.18, Toronto, ON",263,4.3207,Peel
890,5350528.19,"CT0528.19, Toronto, ON",299,6.4136,Peel
891,5350528.20,"CT0528.20, Toronto, ON",387,6.4094,Peel
892,5350528.21,"CT0528.21, Toronto, ON",295,5.6851,Peel
893,5350528.22,"CT0528.22, Toronto, ON",389,6.0142,Peel
894,5350528.24,"CT0528.24, Toronto, ON",318,6.7401,Peel
895,5350528.26,"CT0528.26, Toronto, ON",353,5.1152,Peel
896,5350528.31,"CT0528.31, Toronto, ON",348,5.3506,Peel
897,5350528.32,"CT0528.32, Toronto, ON",86,2.2051,Peel
898,5350528.33,"CT0528.33, Toronto, ON",236,4.0376,Peel
899,5350528.34,"CT0528.34, Toronto, ON",325,5.8348,Peel
900,5350528.35,"CT0528.35, Toronto, ON",179,6.2413,Peel
901,5350528.39,"CT0528.39, Toronto, ON",228,3.6173,Peel
902,5350528.40,"CT0528.40, Toronto, ON",188,3.2308,Peel
903,5350528.42,"CT0528.42, Toronto, ON",134,2.8967,Peel
904,5350528.43,"CT0528.43, Toronto, ON",184,3.8892,Peel
905,5350528.44,"CT0528.44, Toronto, ON",69,3.9294,Peel
906,5350528.45,"CT0528.45, Toronto, ON",434,8.7149,Peel
907,5350528.46,"CT0528.46, Toronto, ON",159,2.6456,Peel
908,5350528.47,"CT0528.47, Toronto, ON",180,3.7445,Peel
909,5350528.49,"CT0528.49, Toronto, ON",148,3.5628,Peel
910,5350528.50,"CT0528.50, Toronto, ON",186,5.1353,Peel
911,5350528.51,"CT0528.51, Toronto, ON",205,4.3067,Peel
912,5350528.52,"CT0528.52, Toronto, ON",248,3.7048,Peel
913,5350528.53,"CT0528.53, Toronto, ON",63,2.2703,Peel
914,5350528.54,"CT0528.54, Toronto, ON",85,3.0909,Peel
915,5350528.55,"CT0528.55, Toronto, ON",190,4.2194,Peel
916,5350528.56,"CT0528.56, Toronto, ON",227,6.8025,Peel
917,5350528.57,"CT0528.57, Toronto, ON",229,5.8019,Peel
918,5350528.58,"CT0528.58, Toronto, ON",255,6.9293,Peel
919,5350528.59,"CT0528.59, Toronto, ON",150,3.6747,Peel
920,5350528.60,"CT0528.60, Toronto, ON",161,4.3561,Peel
921,5350528.61,"CT0528.61, Toronto, ON",233,5.5057,Peel
922,5350528.62,"CT0528.62, Toronto, ON",66,4.6186,Peel
923,5350528.63,"CT0528.63, Toronto, ON",228,3.9791,Peel
924,5350529.01,"CT0529.01, Toronto, ON",117,3.0248,Peel
925,5350529.02,"CT0529.02, Toronto, ON",235,5.5074,Peel
926,5350530.01,"CT0530.01, Toronto, ON",226,4.7659,Peel
927,5350530.02,"CT0530.02, Toronto, ON",239,8.2929,Peel
928,5350531.01,"CT0531.01, Toronto, ON",208,5.3998,Peel
929,5350531.02,"CT0531.02, Toronto, ON",214,3.705,Peel
930,5350532.01,"CT0532.01, Toronto, ON",153,3.7722,Peel
931,5350532.02,"CT0532.02, Toronto, ON",181,4.4417,Peel
932,5350540.01,"CT0540.01, Toronto, ON",672,14.1623,Peel
933,5350540.02,"CT0540.02, Toronto, ON",689,12.5776,Peel
934,5350550.01,"CT0550.01, Toronto, ON",645,14.7059,Peel
935,5350550.02,"CT0550.02, Toronto, ON",891,12.0357,Peel
936,5350560.00,"CT0560.00, Toronto, ON",692,10.5843,Peel
937,5350561.00,"CT0561.00, Toronto, ON",473,7.045,Peel
938,5350562.02,"CT0562.02, Toronto, ON",576,8.697,Peel
939,5350562.03,"CT0562.03, Toronto, ON",325,6.5869,Peel
940,5350562.04,"CT0562.04, Toronto, ON",342,7.0881,Peel
941,5350562.05,"CT0562.05, Toronto, ON",713,12.3207,Peel
942,5350562.06,"CT0562.06, Toronto, ON",209,6.4967,Peel
943,5350562.07,"CT0562.07, Toronto, ON",287,6.3453,Peel
944,5350562.08,"CT0562.08, Toronto, ON",423,10.1879,Peel
945,5350562.09,"CT0562.09, Toronto, ON",451,11.1331,Peel
946,5350562.11,"CT0562.11, Toronto, ON",351,11.6534,Peel
947,5350562.12,"CT0562.12, Toronto, ON",898,10.8284,Peel
948,5350562.13,"CT0562.13, Toronto, ON",50,4.3706,Peel
949,5350562.14,"CT0562.14, Toronto, ON",161,4.1602,Peel
950,5350562.15,"CT0562.15, Toronto, ON",178,5.0311,Peel
951,5350563.01,"CT0563.01, Toronto, ON",494,7.9665,Peel
952,5350563.02,"CT0563.02, Toronto, ON",350,10.2011,Peel
953,5350564.01,"CT0564.01, Toronto, ON",256,10.9542,Peel
954,5350564.02,"CT0564.02, Toronto, ON",313,6.1821,Peel
955,5350570.01,"CT0570.01, Toronto, ON",374,9.1667,Peel
956,5350570.02,"CT0570.02, Toronto, ON",679,16.326,Peel
957,5350571.01,"CT0571.01, Toronto, ON",266,7.1756,Peel
958,5350571.02,"CT0571.02, Toronto, ON",607,14.8556,Peel
959,5350572.01,"CT0572.01, Toronto, ON",1084,14.1811,Peel
960,5350572.04,"CT0572.04, Toronto, ON",277,8.0336,Peel
961,5350572.05,"CT0572.05, Toronto, ON",795,11.6092,Peel
962,5350572.07,"CT0572.07, Toronto, ON",200,4.085,Peel
963,5350572.08,"CT0572.08, Toronto, ON",268,4.3755,Peel
964,5350572.09,"CT0572.09, Toronto, ON",211,4.6262,Peel
965,5350572.10,"CT0572.10, Toronto, ON",162,4.2587,Peel
966,5350573.03,"CT0573.03, Toronto, ON",478,7.4339,Peel
967,5350573.05,"CT0573.05, Toronto, ON",486,8.1339,Peel
968,5350573.06,"CT0573.06, Toronto, ON",285,5.9799,Peel
969,5350573.07,"CT0573.07, Toronto, ON",576,9.259,Peel
970,5350573.09,"CT0573.09, Toronto, ON",293,4.7053,Peel
971,5350573.10,"CT0573.10, Toronto, ON",179,5.2616,Peel
972,5350573.11,"CT0573.11, Toronto, ON",170,3.3973,Peel
973,5350574.00,"CT0574.00, Toronto, ON",747,11.4255,Peel
974,5350575.01,"CT0575.01, Toronto, ON",386,6.5313,Peel
975,5350575.02,"CT0575.02, Toronto, ON",430,8.6799,Peel
976,5350575.03,"CT0575.03, Toronto, ON",322,5.0031,Peel
977,5350575.04,"CT0575.04, Toronto, ON",507,7.7808,Peel
978,5350575.05,"CT0575.05, Toronto, ON",462,6.7603,Peel
979,5350575.07,"CT0575.07, Toronto, ON",149,3.7626,Peel
980,5350575.08,"CT0575.08, Toronto, ON",270,4.5879,Peel
981,5350576.04,"CT0576.04, Toronto, ON",315,7.0533,Peel
982,5350576.05,"CT0576.05, Toronto, ON",433,6.2473,Peel
983,5350576.06,"CT0576.06, Toronto, ON",389,4.5534,Peel
984,5350576.07,"CT0576.07, Toronto, ON",197,4.2882,Peel
985,5350576.09,"CT0576.09, Toronto, ON",398,10.2869,Peel
986,5350576.16,"CT0576.16, Toronto, ON",267,4.0621,Peel
987,5350576.17,"CT0576.17, Toronto, ON",245,3.6141,Peel
988,5350576.20,"CT0576.20, Toronto, ON",283,4.3438,Peel
989,5350576.22,"CT0576.22, Toronto, ON",315,4.186,Peel
990,5350576.29,"CT0576.29, Toronto, ON",178,4.4444,Peel
991,5350576.31,"CT0576.31, Toronto, ON",187,4.7091,Peel
992,5350576.33,"CT0576.33, Toronto, ON",188,7.3123,Peel
993,5350576.34,"CT0576.34, Toronto, ON",264,4.4347,Peel
994,5350576.43,"CT0576.43, Toronto, ON",291,4.25,Peel
995,5350576.44,"CT0576.44, Toronto, ON",83,3.0798,Peel
996,5350576.45,"CT0576.45, Toronto, ON",121,4.0482,Peel
997,5350576.46,"CT0576.46, Toronto, ON",251,4.6767,Peel
998,5350576.47,"CT0576.47, Toronto, ON",146,3.2067,Peel
999,5350576.49,"CT0576.49, Toronto, ON",201,4.0796,Peel
1000,5350576.50,"CT0576.50, Toronto, ON",292,4.2985,Peel
1001,5350576.52,"CT0576.52, Toronto, ON",280,4.7321,Peel
1002,5350576.53,"CT0576.53, Toronto, ON",176,3.9542,Peel
1003,5350576.54,"CT0576.54, Toronto, ON",264,4.4295,Peel
1004,5350576.55,"CT0576.55, Toronto, ON",311,4.6866,Peel
1005,5350576.57,"CT0576.57, Toronto, ON",214,4.7303,Peel
1006,5350576.59,"CT0576.59, Toronto, ON",285,4.216,Peel
1007,5350576.62,"CT0576.62, Toronto, ON",315,4.4044,Peel
1008,5350576.63,"CT0576.63, Toronto, ON",254,3.545,Peel
1009,5350576.65,"CT0576.65, Toronto, ON",132,2.6878,Peel
1010,5350576.66,"CT0576.66, Toronto, ON",274,4.1098,Peel
1011,5350576.68,"CT0576.68, Toronto, ON",228,4.3611,Peel
1012,5350576.69,"CT0576.69, Toronto, ON",244,4.0789,Peel
1013,5350576.73,"CT0576.73, Toronto, ON",155,5,Peel
1014,5350576.74,"CT0576.74, Toronto, ON",355,3.8679,Peel
1015,5350576.75,"CT0576.75, Toronto, ON",219,3.1148,Peel
1016,5350576.76,"CT0576.76, Toronto, ON",251,5.215,Peel
1017,5350576.77,"CT0576.77, Toronto, ON",209,4.027,Peel
1018,5350576.78,"CT0576.78, Toronto, ON",296,5.4362,Peel
1019,5350576.79,"CT0576.79, Toronto, ON",151,5.7024,Peel
1020,5350576.80,"CT0576.80, Toronto, ON",144,4.3769,Peel
1021,5350576.81,"CT0576.81, Toronto, ON",216,4.4226,Peel
1022,5350576.82,"CT0576.82, Toronto, ON",251,4.4362,Peel
1023,5350576.83,"CT0576.83, Toronto, ON",110,3.9956,Peel
1024,5350576.84,"CT0576.84, Toronto, ON",276,4.354,Peel
1025,5350576.85,"CT0576.85, Toronto, ON",329,4.5499,Peel
1026,5350576.86,"CT0576.86, Toronto, ON",212,4.5087,Peel
1027,5350576.87,"CT0576.87, Toronto, ON",135,3.3383,Peel
1028,5350576.88,"CT0576.88, Toronto, ON",262,5.885,Peel
1029,5350576.89,"CT0576.89, Toronto, ON",164,4.241,Peel
1030,5350576.90,"CT0576.90, Toronto, ON",135,3.354,Peel
1031,5350576.91,"CT0576.91, Toronto, ON",395,2.6209,Peel
1032,5350576.92,"CT0576.92, Toronto, ON",675,9.7543,Peel
1033,5350576.93,"CT0576.93, Toronto, ON",382,4.2582,Peel
1034,5350576.94,"CT0576.94, Toronto, ON",222,4.8953,Peel
1035,5350576.95,"CT0576.95, Toronto, ON",249,5.6604,Peel
1036,5350576.96,"CT0576.96, Toronto, ON",293,4.1935,Peel
1037,5350576.97,"CT0576.97, Toronto, ON",234,5.2786,Peel
1038,5350576.98,"CT0576.98, Toronto, ON",1149,3.7565,Peel
1039,5350576.99,"CT0576.99, Toronto, ON",281,3.6833,Peel
1040,5350577.00,"CT0577.00, Toronto, ON",496,5.0096,Peel
1041,5350577.01,"CT0577.01, Toronto, ON",180,5.0676,Peel
1042,5350577.02,"CT0577.02, Toronto, ON",240,4.3708,Peel
1043,5350577.03,"CT0577.03, Toronto, ON",226,3.5799,Peel
1044,5350577.04,"CT0577.04, Toronto, ON",126,1.7944,Peel
1045,5350577.05,"CT0577.05, Toronto, ON",269,4.8242,Peel
1046,5350577.06,"CT0577.06, Toronto, ON",133,2.2608,Peel
1047,5350577.07,"CT0577.07, Toronto, ON",164,4.2531,Peel
1048,5350577.08,"CT0577.08, Toronto, ON",199,4.2331,Peel
1049,5350577.09,"CT0577.09, Toronto, ON",92,2.8299,Peel
1050,5350585.02,"CT0585.02, Toronto, ON",282,4.507,Peel
1051,5350585.03,"CT0585.03, Toronto, ON",664,13.0094,Peel
1052,5350585.05,"CT0585.05, Toronto, ON",551,7.967,Peel
1053,5350585.07,"CT0585.07, Toronto, ON",554,6.7111,Peel
1054,5350585.08,"CT0585.08, Toronto, ON",264,6.6616,Peel
1055,5350585.09,"CT0585.09, Toronto, ON",678,11.2906,Peel
1056,5350585.10,"CT0585.10, Toronto, ON",543,11.0478,Peel
1057,5350586.02,"CT0586.02, Toronto, ON",440,11.8248,Peel
1058,5350586.03,"CT0586.03, Toronto, ON",258,5.1069,Peel
1059,5350586.04,"CT0586.04, Toronto, ON",58,0.8753,Peel
1060,5350586.05,"CT0586.05, Toronto, ON",220,2.2342,Peel
1061,5350587.01,"CT0587.01, Toronto, ON",771,12.5611,Peel
1062,5350587.02,"CT0587.02, Toronto, ON",795,13.9743,Peel
1063,5350802.01,"CT0802.01, Toronto, ON",311,7.7171,Toronto
1064,5350802.02,"CT0802.02, Toronto, ON",501,9.7813,Toronto
